facility_name,city,facility_type,rooms,capacity,latitude,longitude
가평연새장례식장,가평군,사설,4,8,37.766152214,127.4459213631
가평군농협효문화센터,가평군,사설,4,8,37.79801592770001,127.48141706000001
일산백장례서비스(주),고양시,사설,7,14,37.6742710122,126.7503817665
주식회사 헤븐앤어스,고양시,사설,8,18,37.6424745722,126.8317454892
베스트장례식장,고양시,사설,5,8,37.69040325460001,126.7601550858
원당장례식장(주)고양베스,고양시,사설,7,12,37.655294494299994,126.8354737878
국민건강보험공단일산병원장례식장,고양시,공설,9,14,37.6454752678,126.79296319520002
동국대학교일산장례식장,고양시,사설,13,28,37.6764385211,126.80556305100001
쉴낙원 일산장례식장,고양시,사설,6,10,37.644432099300005,126.76243625450002
일산복음병원장례식장,고양시,사설,5,10,37.6818751238,126.780279021
원당연세장례식장,고양시,사설,2,6,37.65512248430001,126.83533927929999
광명성애병원장례식장,광명시,사설,7,12,37.4730459543,126.8722172235
예지원장례식장,광명시,사설,4,8,37.47432797689999,126.852562015
중앙대학교광명병원장례식장,광명시,사설,8,18,37.424579704600006,126.8859245166
곤지암농협장례문화원,광주시,사설,4,8,37.3593192571,127.3212650094
오포장례식장,광주시,사설,3,6,37.3512964998,127.1867053383
곤지암장례식장,광주시,사설,3,8,37.35691261310001,127.32130459220001
삼육병원장례식장,광주시,사설,5,8,37.4195110154,127.28707108549999
경안장례식장,광주시,사설,4,10,37.4016979177,127.2451243512
원진녹색병원장례식장,구리시,사설,6,6,37.605924692100004,127.13388752760001
윤서병원장례식장,구리시,사설,5,8,37.604940819099994,127.1392850979
한양대학교구리병원장례식장,구리시,사설,4,8,37.6011883667,127.1325173047
학교법인영산학원 산본장례식장,군포시,사설,3,8,37.35941424039999,126.93360077099999
지샘병원장례식장,군포시,사설,4,8,37.3586407829,126.94730389020002
아너스힐병원장례식장,김포시,사설,4,6,37.683936662,126.60840773690002
마송장례식장,김포시,사설,8,6,37.68570993910001,126.60810297669998
뉴고려병원장례식장,김포시,사설,3,6,37.640963919,126.66025553800002
우리병원장례예식장,김포시,사설,5,12,37.633001008899996,126.71055179130002
쉴낙원김포장례식장,김포시,사설,8,12,37.607165291899996,126.71540203130002
남양주혜성병원장례식장,남양주시,사설,4,6,37.6501069941,127.2383376486
백년장례문화원,남양주시,사설,4,10,37.65318510450001,127.26174838689998
원병원장례식장,남양주시,사설,5,12,37.6519114852,127.3043775936
나눔병원장례식장,남양주시,사설,3,8,37.698115061500005,127.20157490870001
남양주장례식장(구 남양동산),남양주시,사설,3,10,37.67597033340001,127.2055873053
남양주한양병원장례식장,남양주시,사설,5,12,37.68232159829999,127.20432602720001
동두천중앙성모장례식장,동두천시,사설,3,6,37.9088541736,127.0540469152
예드림장례식장,동두천시,사설,4,8,37.9068599484,127.0510558433
이담장례식장,동두천시,사설,6,8,37.9081637185,127.0363051342
동두천장례식장,동두천시,사설,2,4,37.9517617585,127.0628479903
순천향부천장례식장,부천시,사설,6,14,37.4983685015,126.7621105079
부천시민장례식장,부천시,사설,5,8,37.4893412271,126.7832955302
다니엘병원장례식장(구 늘푸른장례식장),부천시,사설,3,10,37.5123311374,126.7694862939
뉴대성병원장례식장(구 DS병원장례식장),부천시,사설,5,12,37.4919108853,126.783429345
휴앤유병원장례식장,부천시,사설,5,6,37.4830020422,126.77253176020001
세종병원장례식장,부천시,사설,4,6,37.4810423491,126.7911902926
부천장례식장,부천시,사설,12,20,37.501804889300004,126.79343778079999
부천성모병원장례식장,부천시,사설,9,20,37.4874980299,126.79302961009999
분당차병원장례식장,성남시,사설,4,10,37.41046647470001,127.1258348309
성남시의료원장례식장,성남시,공설,9,28,37.444849867100004,127.1390489311
태평서울병원소망장례식장,성남시,사설,4,6,37.43863042770001,127.1274354979
주식회사 분당제생병원장례식장,성남시,사설,7,12,37.3882075823,127.1217770322
성남시장례협동조합,성남시,공설,7,14,37.420927529,127.183092828
분당서울대학교병원 장례식장,성남시,사설,12,20,37.34861260860001,127.12546456159998
성모장례식장,성남시,사설,3,4,37.40471133610001,127.1570941254
성남중앙병원장례식장,성남시,사설,8,15,37.4524448785,127.1622468139
수원요양병원장례식장,수원시,사설,5,10,37.2608978321,127.0647299028
한독병원장례식장,수원시,사설,3,8,37.269641747,127.027222564
동수원장례식장,수원시,사설,3,8,37.2786436587,127.0332801195
아주대학병원장례식장,수원시,사설,12,18,37.28093331899999,127.0496001709
경기도의료원 수원병원장례식장,수원시,공설,6,8,37.2918869067,126.9963395675
성빈센트병원장례식장,수원시,사설,7,14,37.27789942649999,127.0274529236
(주)중앙병원장례식장,수원시,사설,4,8,37.2598171797,127.0228858068
수원시연화장장례식장,수원시,공설,12,18,37.2899205022,127.08417066250001
시흥장례원,시흥시,사설,6,9,37.370786908,126.7387979777
시화병원장례식장,시흥시,사설,7,12,37.3503750989,126.7366443594
시흥누리병원장례식장,시흥시,사설,4,8,37.43844942340001,126.78903752300002
신천연합병원장례식장,시흥시,사설,3,6,37.44452660559999,126.789375692
센트럴병원장례식장,시흥시,사설,5,8,37.3368704199,126.72797586550001
신천제일병원장례식장,시흥시,사설,3,4,37.4414045713,126.7843408342
시흥우리장례식장,시흥시,사설,4,8,37.3358363471,126.7479559003
국화향기,안산시,사설,4,6,37.3167670968,126.873993316
세화병원장례식장,안산시,사설,3,4,37.3020441979,126.86155674540001
플러스단원병원장례문화원,안산시,사설,4,8,37.3002371351,126.8109664473
한사랑병원장례문화센타,안산시,사설,3,6,37.3071016672,126.84845801520001
사랑의병원장례식장,안산시,사설,4,6,37.3269215026,126.84492330099998
안산온누리병원장례식장,안산시,사설,1,6,37.3419367346,126.8175173961
(주)코스모스제일장례식장,안산시,사설,9,8,37.303525538399995,126.87564897820002
안산장례식장,안산시,사설,5,10,37.2805384809,126.8452916798
고려대안산병원장례식장,안산시,사설,6,12,37.31770370520001,126.8246661096
한도병원장례식장,안산시,사설,5,10,37.3340553037,126.8076211068
안산시민장례문화원,안산시,사설,4,8,37.3342196066,126.79273026100002
동안산병원장례식장,안산시,사설,2,4,37.335628969599995,126.85314480620002
성혜원장례식장,안성시,사설,6,12,37.016547886400005,127.26903411370002
파라밀장례식장,안성시,사설,2,4,37.06465868390001,127.38854982
경기도의료원 안성병원장례식장,안성시,공설,7,12,37.0173057984,127.26029717499999
동일죽장례식장,안성시,사설,3,4,37.10156969700001,127.5140112153
동인병원장례식장,안성시,사설,3,6,37.0049595787,127.2665739663
공도장례식장(영화원),안성시,사설,5,8,37.01613377270001,127.16365928790002
도민장례식장,안성시,사설,4,8,36.9967466606,127.1521241411
안양장례식장,안양시,사설,10,14,37.3797160578,126.9417840156
샘안양병원장례식장,안양시,사설,5,11,37.392893947900006,126.9248195521
한림대성심병원장례식장,안양시,사설,6,10,37.3916536825,126.96197370700001
안양메트로병원장례식장,안양시,사설,7,14,37.3783077894,126.93563865740002
양주소망장례식장,양주시,사설,4,10,37.8444924497,127.05411653330002
큰길장례문화원,양주시,사설,4,6,37.81018662740001,126.99553206180002
양주장례문화원,양주시,사설,5,14,37.8125044718,127.04456131260001
광적장례식장,양주시,사설,3,6,37.813524542,126.9899651583
회천농협장례문화원,양주시,사설,5,6,37.85510541440001,127.05294997349999
양주한국병원장례문화원 주식회사,양주시,사설,6,14,37.8389018645,127.072902388
양서농협장례문화원,양평군,사설,5,8,37.54208652,127.31854301099999
효병원장례식장,양평군,사설,3,6,37.48209850710001,127.5888915032
별그리다(사담재),양평군,사설,1,1,37.4208837349,127.7882350603
용문장례식장,양평군,사설,2,4,37.511017397900005,127.62530397849999
양평병원장례식장,양평군,사설,4,6,37.4939488353,127.50348430379998
양평 갈월장례식장,양평군,사설,3,6,37.47215307950001,127.512847383
양평장례식장,양평군,사설,5,12,37.4972478105,127.50436687669999
양수삼성장례식장,양평군,사설,2,4,37.5442060591,127.31942084560002
여주장례식장,여주시,사설,4,10,37.29638776809999,127.60894790919998
여주시민장례문화원,여주시,사설,4,6,37.2901235493,127.6424350729
여주 국빈 장례식장,여주시,사설,7,10,37.3164744637,127.6472587207
가남베스트장례식장,여주시,사설,4,4,37.1818804043,127.5611511576
세종여주병원장례식장,여주시,사설,4,6,37.301482489,127.6253165893
연천군장례식장,연천군,공설,5,8,38.02355122369999,127.06098623770002
전곡효사랑병원장례식장,연천군,사설,5,6,38.0174251575,127.0690089157
쉴낙원 오산동탄장례식장,오산시,사설,8,10,37.180667799,127.0560317503
오산장례문화원,오산시,사설,8,12,37.1594116916,127.08566369710002
오산한국병원장례식장,오산시,사설,4,8,37.14128469709999,127.0755950189
용인제일메디장례식장,용인시,사설,6,10,37.2749252448,127.22831701050002
용인서울병원장례식장,용인시,사설,4,6,37.2403149583,127.2144834225
용인시민장례문화원,용인시,사설,7,8,37.2242557225,127.2654827562
용인평온의숲 장례식장,용인시,공설,12,14,37.1190309677,127.22252641110002
다보스병원장례식장(영문의료재단),용인시,사설,5,10,37.23154587759999,127.2114163575
연세대학교 용인장례식장,용인시,사설,9,18,37.2707754145,127.14828447610002
(주)기흥장례식장,용인시,사설,4,10,37.2528382671,127.10289031730001
쉴낙원 경기장례식장,용인시,사설,8,10,37.327897335900005,127.1395188474
보정장례식장,용인시,사설,6,12,37.319308465000006,127.1060170414
시티병원장례식장,의왕시,사설,3,6,37.3502838907,126.9767891156
다사랑중앙병원장례식장,의왕시,사설,2,4,37.353128204200004,126.9738449329
의정부장례식장,의정부시,사설,5,8,37.7574267718,127.022228282
보람상조개발(주) 보람의정부장례식장,의정부시,사설,8,12,37.752413109500004,127.0808354057
의정부백병원장례식장,의정부시,사설,4,8,37.7453057969,127.06213558060001
경기도의료원 의정부병원장례식장,의정부시,공설,4,10,37.7410761753,127.04251366350002
중앙병원장례식장,의정부시,사설,3,6,37.74623410730001,127.04545581750001
추병원장례식장,의정부시,사설,3,6,37.7497753415,127.0452071306
의정부성모장례식장,의정부시,사설,5,10,37.75852270819999,127.07792870979999
의정부을지대학교병원 장례식장,의정부시,사설,11,29,37.7520459815,127.0497225469
자미원스카이장례식장,의정부시,사설,4,6,37.7444431627,127.05323051500001
의정부연세장례식장,의정부시,사설,4,8,37.7444431627,127.05323051500001
효자원장례식장,이천시,사설,10,12,37.3213052507,127.4773251584
송산장례식장,이천시,사설,4,8,37.1140311132,127.58870704439998
하늘공원장례식장,이천시,사설,4,10,37.219355807300005,127.52699512540002
장호원장례식장,이천시,사설,2,4,37.1195650462,127.6288883839
경기도의료원 이천병원장례식장,이천시,공설,8,16,37.28281696409999,127.4332171305
쉴낙원 파주운정장례식장,파주시,사설,4,8,37.756116195200015,126.7527239209
광탄현대병원장례식장,파주시,사설,3,6,37.779196602,126.84963955950002
교하장례식장,파주시,사설,2,6,37.7547425573,126.7422712694
한사랑요양병원장례식장,파주시,사설,3,10,37.8479328534,126.79079569280002
파주보람장례식장,파주시,사설,4,8,37.7729251416,126.78907152700002
경기도의료원 파주병원장례식장,파주시,공설,5,10,37.755095162699995,126.7798200252
예담장례식장,파주시,사설,3,6,37.87660389820001,126.80454086700001
파주성모요양병원부설장례식장,파주시,사설,4,6,37.773937552,126.7211030095
메디인병원장례식장,파주시,사설,5,12,37.76109819860001,126.76671733510001
문산장례문화원,파주시,사설,5,8,37.85845597560001,126.7886372961
제일장례식장,평택시,사설,9,12,37.0894580953,127.0669950358
교원예움 평택장례식장,평택시,사설,9,12,36.981856895,127.09320168150002
안중장례문화센타,평택시,사설,6,10,37.0030873758,126.95825042490002
송탄장례식장,평택시,사설,5,8,37.0882401696,127.07168275729998
금성장례식장,평택시,사설,5,10,37.1223403268,127.10258242260001
평택이편안장례문화원,평택시,사설,4,6,36.9974542323,126.95058080569999
송탄중앙병원장례식장,평택시,사설,4,8,37.0883924049,127.06398558220002
서정리장례식장,평택시,사설,5,8,37.055137185,127.06353484590001
중앙장례식장,평택시,사설,9,12,37.0325324127,127.0693085679
농협연합장례식장,평택시,사설,7,12,37.017836659,127.01274558880002
영북농협장례식장,포천시,사설,2,4,38.0725147874,127.2731980136
금강산장례문화원,포천시,사설,4,6,37.966927723,127.3133811705
우리병원장례식장,포천시,사설,4,12,37.82748770239999,127.14813598190001
포천장례문화원(주),포천시,사설,6,14,37.8472589807,127.1623408372
관인농협장례식장,포천시,사설,2,4,38.1581367057,127.25582287610001
경기도의료원 포천병원장례식장,포천시,공설,5,10,37.903093488799996,127.19834897350002
메디힐장례식장,포천시,사설,3,6,37.934860265800005,127.22619068739999
하남시 마루공원(장례식장),하남시,공설,6,16,37.522924314,127.2178688092
(재)하늘가장례식장,화성시,사설,4,8,37.1328527654,126.94200394130002
효원장례문화센타,화성시,사설,6,10,37.220908200400004,127.0262194025
한림대동탄성심병원장례식장,화성시,사설,6,12,37.216495729100004,127.07994166150002
화성유일병원장례식장,화성시,사설,4,6,37.217785377400006,126.83265861349999
화성현대장례문화원,화성시,사설,5,8,37.0423612446,126.79804460550001
봉담장례문화원,화성시,사설,6,10,37.1758432124,126.9367764622
송산장례문화원,화성시,사설,4,10,37.2026476121,126.7254687115
화성함백산장례식장,화성시,공설,8,10,37.270621263,126.91007331620001
교원예움 화성장례식장,화성시,사설,4,8,37.2017236377,126.78795104250001
원광종합병원장례식장,화성시,사설,5,8,37.2100622996,127.0080299071
조암장례식장,화성시,사설,5,6,37.0806285422,126.8232421461
화성중앙종합병원장례식장,화성시,사설,3,8,37.1313495282,126.9107734239
